date,href
2021/12/20,http://www.nhc.gov.cn/xcs/yqtb/202112/c65d39c2bf5e4e73854069235ee3a92b.shtml
2021/12/19,http://www.nhc.gov.cn/xcs/yqtb/202112/64504863276d40a09a521a2c454d0e73.shtml
2021/12/18,http://www.nhc.gov.cn/xcs/yqtb/202112/f9d4069e07e14793ae6e3f61838be5a7.shtml
2021/12/17,http://www.nhc.gov.cn/xcs/yqtb/202112/f200d17b195e4be895d5e48cf3c8befc.shtml
2021/12/16,http://www.nhc.gov.cn/xcs/yqtb/202112/ec61f6b4898642f8a9ee0da62765b748.shtml
2021/12/15,http://www.nhc.gov.cn/xcs/yqtb/202112/7de3bb5f23714caba031030ec224438f.shtml
2021/12/14,http://www.nhc.gov.cn/xcs/yqtb/202112/cdd969bfe72c4ad5ae1751e67821b76a.shtml
2021/12/13,http://www.nhc.gov.cn/xcs/yqtb/202112/7a5bf7e41f8b4fa3b5f74f4ae32741d8.shtml
2021/12/12,http://www.nhc.gov.cn/xcs/yqtb/202112/8dd4507575a4442b98f0d5ed3b224742.shtml
2021/12/11,http://www.nhc.gov.cn/xcs/yqtb/202112/950ec08b21c3460bb710b19e50ee37ec.shtml
2021/12/10,http://www.nhc.gov.cn/xcs/yqtb/202112/956d55312db64d08accfbc417aabb024.shtml
2021/12/9,http://www.nhc.gov.cn/xcs/yqtb/202112/efdac7bd514b45b8b3b2012d04aefd2a.shtml
2021/12/8,http://www.nhc.gov.cn/xcs/yqtb/202112/30dad5c902464fb2a1b1cd3aa6dcb79d.shtml
2021/12/7,http://www.nhc.gov.cn/xcs/yqtb/202112/5f8d7ce694f94d7080d07d19f4494167.shtml
2021/12/6,http://www.nhc.gov.cn/xcs/yqtb/202112/bf5dfb3541ae4bc8aaf1180a2865d750.shtml
2021/12/5,http://www.nhc.gov.cn/xcs/yqtb/202112/52f0c356062347ef98a4869d5dbbaf6f.shtml
2021/12/4,http://www.nhc.gov.cn/xcs/yqtb/202112/eba513cafeda424aaac5a8b0c432b2ff.shtml
2021/12/3,http://www.nhc.gov.cn/xcs/yqtb/202112/4bfc964d7e614e779bf3a089fdccfdc4.shtml
2021/12/2,http://www.nhc.gov.cn/xcs/yqtb/202112/5ec9d66d0ac24647859a3027f5966da7.shtml
2021/12/1,http://www.nhc.gov.cn/xcs/yqtb/202112/accff442fdde4dcfb83edd2f6c03e83c.shtml
2021/11/30,http://www.nhc.gov.cn/xcs/yqtb/202111/53b53f738b8040ed85541b1ac96a58c6.shtml
2021/11/30,http://www.nhc.gov.cn/xcs/yqtb/202111/c185ac9f254a4f11a539172310e2c729.shtml
2021/11/29,http://www.nhc.gov.cn/xcs/yqtb/202111/04237d963c634981aba4070413d58ecc.shtml
2021/11/28,http://www.nhc.gov.cn/xcs/yqtb/202111/8edc33e543754748b6fe7d76c3157ce3.shtml
2021/11/27,http://www.nhc.gov.cn/xcs/yqtb/202111/322b05206c644e658990d821e504a4f3.shtml
2021/11/26,http://www.nhc.gov.cn/xcs/yqtb/202111/6276028c998b44cc8e861319c140cc1b.shtml
2021/11/25,http://www.nhc.gov.cn/xcs/yqtb/202111/0a42b07c36a04742ab16201da068d0b9.shtml
2021/11/24,http://www.nhc.gov.cn/xcs/yqtb/202111/3394f2f96e7842d4962ee808421e4fce.shtml
2021/11/23,http://www.nhc.gov.cn/xcs/yqtb/202111/24fa4148884f49ad837895208400fa93.shtml
2021/11/22,http://www.nhc.gov.cn/xcs/yqtb/202111/534a3ea994b341bbaaf96809caebd325.shtml
2021/11/21,http://www.nhc.gov.cn/xcs/yqtb/202111/9cf471aed8d443d587e28b008c3774f4.shtml
2021/11/20,http://www.nhc.gov.cn/xcs/yqtb/202111/9164f27ca1884928a70f5ba11b7e3927.shtml
2021/11/19,http://www.nhc.gov.cn/xcs/yqtb/202111/f1609a6583cb4969aada213b978dae21.shtml
2021/11/18,http://www.nhc.gov.cn/xcs/yqtb/202111/f751ac20513741e8bd2849c08198416c.shtml
2021/11/17,http://www.nhc.gov.cn/xcs/yqtb/202111/9336c261c7cb43c384b3afa6e3451101.shtml
2021/11/16,http://www.nhc.gov.cn/xcs/yqtb/202111/df263e648ec84a4796d199d414d084cc.shtml
2021/11/15,http://www.nhc.gov.cn/xcs/yqtb/202111/afa816934c124297ad65c045b92d5fbc.shtml
2021/11/14,http://www.nhc.gov.cn/xcs/yqtb/202111/3167cf77b95444b9854494351b9c5485.shtml
2021/11/13,http://www.nhc.gov.cn/xcs/yqtb/202111/4412360fa9284971a4a3d76192c7c2d1.shtml
2021/11/12,http://www.nhc.gov.cn/xcs/yqtb/202111/0d0aff2098494e5c96fd08d00ca9202c.shtml
2021/11/11,http://www.nhc.gov.cn/xcs/yqtb/202111/13579a4b0e824d17a46bcc97249a1009.shtml
2021/11/10,http://www.nhc.gov.cn/xcs/yqtb/202111/484bbcdd9b544661a2a9ccc78c4e6423.shtml
2021/11/9,http://www.nhc.gov.cn/xcs/yqtb/202111/66aec22f3fed4aca947fc7d72d1d59f1.shtml
2021/11/8,http://www.nhc.gov.cn/xcs/yqtb/202111/f6f5a350c7cd4c93a234efbc6ff31ecd.shtml
2021/11/7,http://www.nhc.gov.cn/xcs/yqtb/202111/dda0029a668d49b8b33a3d8e07263a27.shtml
2021/11/6,http://www.nhc.gov.cn/xcs/yqtb/202111/66fb7a229f604834a484560c14421932.shtml
2021/11/5,http://www.nhc.gov.cn/xcs/yqtb/202111/7f13a160fde24a0e9a1ced646919a6ba.shtml
2021/11/4,http://www.nhc.gov.cn/xcs/yqtb/202111/24435e89bfe94e9187aa689db4d410ca.shtml
2021/11/3,http://www.nhc.gov.cn/xcs/yqtb/202111/7f69a3c80e8d45ecb9352923284fc81a.shtml
2021/11/2,http://www.nhc.gov.cn/xcs/yqtb/202111/f48811a88ecb48a7bebcf9a3b6e5a824.shtml
2021/11/1,http://www.nhc.gov.cn/xcs/yqtb/202111/377344f4f3f848beaaa0067368d1a63b.shtml
2021/10/31,http://www.nhc.gov.cn/xcs/yqtb/202110/f8fb93e7ec9c4dbf8d46bd35de37dd61.shtml
2021/10/30,http://www.nhc.gov.cn/xcs/yqtb/202110/9f23a20db0b249ea93b2f2986a9e4ab5.shtml
2021/10/29,http://www.nhc.gov.cn/xcs/yqtb/202110/39e0c1621ae74f6c9b7e708f8c92f841.shtml
2021/10/28,http://www.nhc.gov.cn/xcs/yqtb/202110/26d15deba71e477fab6fc95c301d2f99.shtml
2021/10/27,http://www.nhc.gov.cn/xcs/yqtb/202110/df77de158be3469bbbe3578e59a036ff.shtml
2021/10/26,http://www.nhc.gov.cn/xcs/yqtb/202110/974e3e6420ba4d5bba2b6dc966832717.shtml
2021/10/25,http://www.nhc.gov.cn/xcs/yqtb/202110/720a03e0a23542bf9568cf41543a8bda.shtml
2021/10/24,http://www.nhc.gov.cn/xcs/yqtb/202110/a466a12ba7254ca4837ae141729921c3.shtml
2021/10/23,http://www.nhc.gov.cn/xcs/yqtb/202110/071359ba93f24e41a5eaad6305878309.shtml
2021/10/22,http://www.nhc.gov.cn/xcs/yqtb/202110/9bca8d709abc4b4f80535e3ed7bb3f5b.shtml
2021/10/21,http://www.nhc.gov.cn/xcs/yqtb/202110/3dbe5ac6e59945debd586b3b2e93c2b8.shtml
2021/10/20,http://www.nhc.gov.cn/xcs/yqtb/202110/66e39399a4b8479795aecb8c751a0a7d.shtml
2021/10/19,http://www.nhc.gov.cn/xcs/yqtb/202110/2fef99a3a2c44caca1b2998e0b1b7b22.shtml
2021/10/18,http://www.nhc.gov.cn/xcs/yqtb/202110/97a42c1974874d0786fc6fcd853116a6.shtml
2021/10/17,http://www.nhc.gov.cn/xcs/yqtb/202110/2249b45dff624a85b1618b5024b322a7.shtml
2021/10/16,http://www.nhc.gov.cn/xcs/yqtb/202110/0d17aca50d734c77ab36fc5957e2edae.shtml
2021/10/15,http://www.nhc.gov.cn/xcs/yqtb/202110/44624924d44b43d684401d7109e521d5.shtml
2021/10/14,http://www.nhc.gov.cn/xcs/yqtb/202110/09fd2ee112cb4dcc8bf991a1fcf2e268.shtml
2021/10/13,http://www.nhc.gov.cn/xcs/yqtb/202110/33897a7b756f424698d7baef9ca40313.shtml
2021/10/12,http://www.nhc.gov.cn/xcs/yqtb/202110/bdfd4d4d61eb4ab088b816413a1d79f7.shtml
2021/10/11,http://www.nhc.gov.cn/xcs/yqtb/202110/f54006975bc34e60828a82d86d0f409a.shtml
2021/10/10,http://www.nhc.gov.cn/xcs/yqtb/202110/982718ef21b44d3d81d678ce51d0b53f.shtml
2021/10/9,http://www.nhc.gov.cn/xcs/yqtb/202110/a46f295e059a4c729799c1a8e9c94451.shtml
2021/10/8,http://www.nhc.gov.cn/xcs/yqtb/202110/a923689c0dd243309ac5f1d699cb4914.shtml
2021/10/7,http://www.nhc.gov.cn/xcs/yqtb/202110/194cf40344754da498b6c4635457386d.shtml
2021/10/6,http://www.nhc.gov.cn/xcs/yqtb/202110/9eab7601aa29478389350f5a1c566b5d.shtml
2021/10/5,http://www.nhc.gov.cn/xcs/yqtb/202110/cfe33a22bc2c4a3c928a9dec9cdc729e.shtml
2021/10/4,http://www.nhc.gov.cn/xcs/yqtb/202110/7a5b133e6b5a447f89afae28e17225c3.shtml
2021/10/3,http://www.nhc.gov.cn/xcs/yqtb/202110/f1b2f42a84bc41adae1ff109e2005d38.shtml
2021/10/2,http://www.nhc.gov.cn/xcs/yqtb/202110/ffaee606d04844d7992bdfd2646584c4.shtml
2021/10/1,http://www.nhc.gov.cn/xcs/yqtb/202110/0a5882fa590444bfb63b69eeb65951e8.shtml
2021/9/30,http://www.nhc.gov.cn/xcs/yqtb/202109/c5309bfd10484efa8bff05e72f992596.shtml
2021/9/29,http://www.nhc.gov.cn/xcs/yqtb/202109/a4477b3d2eb348dbbc8a1bd1d1efcd7f.shtml
2021/9/28,http://www.nhc.gov.cn/xcs/yqtb/202109/0ac8a6a4ef9247fdbfad7e7764b8e7e0.shtml
2021/9/27,http://www.nhc.gov.cn/xcs/yqtb/202109/34c38ab2c0cb45cfa19c3b52a25d005e.shtml
2021/9/26,http://www.nhc.gov.cn/xcs/yqtb/202109/79216781976446e69844f7bff6af037a.shtml
2021/9/25,http://www.nhc.gov.cn/xcs/yqtb/202109/061b92cc295d4b18a0662b049c77cf5c.shtml
2021/9/24,http://www.nhc.gov.cn/xcs/yqtb/202109/ab66a5df82a3437390f924dbd1c0a0a4.shtml
2021/9/23,http://www.nhc.gov.cn/xcs/yqtb/202109/d3936af5893b4c9bb4868517bfa0774c.shtml
2021/9/22,http://www.nhc.gov.cn/xcs/yqtb/202109/08b12668393f408fb299cd88629b1bd1.shtml
2021/9/21,http://www.nhc.gov.cn/xcs/yqtb/202109/daa4e015b0934d9d855d121ea2e6c492.shtml
2021/9/20,http://www.nhc.gov.cn/xcs/yqtb/202109/110e53f7872c4d6b96cf0be8f9d4faa2.shtml
2021/9/19,http://www.nhc.gov.cn/xcs/yqtb/202109/2cd5b6a687bd42d2a38626e824ec1503.shtml
2021/9/18,http://www.nhc.gov.cn/xcs/yqtb/202109/16daf8194d374a2680b9e3c07b616bf8.shtml
2021/9/17,http://www.nhc.gov.cn/xcs/yqtb/202109/f9d7fa1b66ed46638bedd9ad8c4f8edc.shtml
2021/9/16,http://www.nhc.gov.cn/xcs/yqtb/202109/203985c420ec4bb18fa59f0635a0f3a5.shtml
2021/9/15,http://www.nhc.gov.cn/xcs/yqtb/202109/772b0c84a881476787cca1afaa464fd5.shtml
2021/9/14,http://www.nhc.gov.cn/xcs/yqtb/202109/5ecc595649ff4a0c8b8b22f3b915e1c0.shtml
2021/9/13,http://www.nhc.gov.cn/xcs/yqtb/202109/96adb61067d74203aa02c12912f3e839.shtml
2021/9/12,http://www.nhc.gov.cn/xcs/yqtb/202109/24257f1b25bb403f91974e465f7445d9.shtml
2021/9/11,http://www.nhc.gov.cn/xcs/yqtb/202109/93d1cd181a2b4b21a5c714d00f11f342.shtml
2021/9/10,http://www.nhc.gov.cn/xcs/yqtb/202109/0cad54ae53804c7192daf85cb1bd08a1.shtml
2021/9/9,http://www.nhc.gov.cn/xcs/yqtb/202109/be87976da009475586a66677b2608c76.shtml
2021/9/8,http://www.nhc.gov.cn/xcs/yqtb/202109/e490867d39ae41909a477a5c423d2e93.shtml
2021/9/7,http://www.nhc.gov.cn/xcs/yqtb/202109/56f02706eb5244d1a6f1c669779ef6fe.shtml
2021/9/6,http://www.nhc.gov.cn/xcs/yqtb/202109/b6d716cb649d41fe9f14b16da355c3c4.shtml
2021/9/5,http://www.nhc.gov.cn/xcs/yqtb/202109/a24a8dca26c343e0a2a96461539f18b8.shtml
2021/9/4,http://www.nhc.gov.cn/xcs/yqtb/202109/8059b84fb2fe4fb8a3438ebd6f50dd85.shtml
2021/9/3,http://www.nhc.gov.cn/xcs/yqtb/202109/4a4d64f8921148cb82feec7992b9b2e4.shtml
2021/9/2,http://www.nhc.gov.cn/xcs/yqtb/202109/233fab94b15c4b8991e780645cb004c1.shtml
2021/9/1,http://www.nhc.gov.cn/xcs/yqtb/202109/09a9553d105247dd97d2a49a9653d69e.shtml
2021/8/31,http://www.nhc.gov.cn/xcs/yqtb/202108/0957e9a3159a405696981ee4caf65873.shtml
2021/8/30,http://www.nhc.gov.cn/xcs/yqtb/202108/e12af177fe4143d58e9c202558243a66.shtml
2021/8/29,http://www.nhc.gov.cn/xcs/yqtb/202108/d81a3a2b26ac42a4a68e61784a1109ce.shtml
2021/8/28,http://www.nhc.gov.cn/xcs/yqtb/202108/161346558285432f9d1316f72d6df42c.shtml
2021/8/27,http://www.nhc.gov.cn/xcs/yqtb/202108/a258d4ca9f7a463ea953a0b699738e7e.shtml
2021/8/26,http://www.nhc.gov.cn/xcs/yqtb/202108/ea679a896e5a4eed812db40670eb8831.shtml
2021/8/25,http://www.nhc.gov.cn/xcs/yqtb/202108/2207f1348f0e4ef7a27470068393dc95.shtml
2021/8/24,http://www.nhc.gov.cn/xcs/yqtb/202108/e1a5f74ff83b4a8196f506def96e778f.shtml
2021/8/23,http://www.nhc.gov.cn/xcs/yqtb/202108/c2b26b1dd2ac47239cea23c893ef07ae.shtml
2021/8/22,http://www.nhc.gov.cn/xcs/yqtb/202108/871a5f07abea4a81b21de629d4ce271e.shtml
2021/8/21,http://www.nhc.gov.cn/xcs/yqtb/202108/96015dc5812846498ec826ed7a6a198e.shtml
2021/8/20,http://www.nhc.gov.cn/xcs/yqtb/202108/d3c122897d98441ca1cd369a8ca89eb5.shtml
2021/8/19,http://www.nhc.gov.cn/xcs/yqtb/202108/3723679bfda449dd944d0b2af45efbde.shtml
2021/8/18,http://www.nhc.gov.cn/xcs/yqtb/202108/502b3334aedb4747abb688e8d146500d.shtml
2021/8/17,http://www.nhc.gov.cn/xcs/yqtb/202108/51922cf6513241c58a25a454f4e3b8a5.shtml
2021/8/16,http://www.nhc.gov.cn/xcs/yqtb/202108/4b399f289bf747e883686b414b7fc5c2.shtml
2021/8/15,http://www.nhc.gov.cn/xcs/yqtb/202108/3525a4f7b45b4b0aafa48b8603f6299e.shtml
2021/8/14,http://www.nhc.gov.cn/xcs/yqtb/202108/c4cb608ad7364e89a112234fb2399a84.shtml
2021/8/13,http://www.nhc.gov.cn/xcs/yqtb/202108/de4bafbc9a164100b1a32c04f7b54486.shtml
2021/8/12,http://www.nhc.gov.cn/xcs/yqtb/202108/896b60534a9d409b840f3ae756771f82.shtml
2021/8/11,http://www.nhc.gov.cn/xcs/yqtb/202108/885a9abf485e472ab1dd82d21b5beb54.shtml
2021/8/10,http://www.nhc.gov.cn/xcs/yqtb/202108/7091faf52e6f4e51a30e85501df128fa.shtml
2021/8/9,http://www.nhc.gov.cn/xcs/yqtb/202108/5d113a20ff284fcfb9ec58b88cc879ef.shtml
2021/8/8,http://www.nhc.gov.cn/xcs/yqtb/202108/a4000654f1a14a7ea8b1db530d754d87.shtml
2021/8/7,http://www.nhc.gov.cn/xcs/yqtb/202108/848502823211436aa47d6390581b0528.shtml
2021/8/6,http://www.nhc.gov.cn/xcs/yqtb/202108/b27926ccc526497cbe06c7ce2fcb1834.shtml
2021/8/5,http://www.nhc.gov.cn/xcs/yqtb/202108/d8b24b4d51624a6aa95ba73297095ab7.shtml
2021/8/5,http://www.nhc.gov.cn/xcs/yqtb/202108/7df2b123c2b74683a43afa906b9e3839.shtml
2021/8/4,http://www.nhc.gov.cn/xcs/yqtb/202108/1c2667b1d03b45a1804c226120457781.shtml
2021/8/3,http://www.nhc.gov.cn/xcs/yqtb/202108/0821f595983b4040889a717551124b43.shtml
2021/8/2,http://www.nhc.gov.cn/xcs/yqtb/202108/c0701bb3facb42678da67a76b44305e4.shtml
2021/8/1,http://www.nhc.gov.cn/xcs/yqtb/202108/a1100f2f63b8461f965420cba0d7e7bc.shtml
2021/7/31,http://www.nhc.gov.cn/xcs/yqtb/202107/971d6db44aa44936b7f1a5493dde4329.shtml
2021/7/30,http://www.nhc.gov.cn/xcs/yqtb/202107/ba08354dd9d445ada76edf76d643c002.shtml
2021/7/29,http://www.nhc.gov.cn/xcs/yqtb/202107/043821a990234bad83a33a0a5c2dda2e.shtml
2021/7/28,http://www.nhc.gov.cn/xcs/yqtb/202107/1aa7b853f3ee46ff921fc81dae9d83ad.shtml
2021/7/27,http://www.nhc.gov.cn/xcs/yqtb/202107/b1ceb213b3f54978a7c84ac7e573a6fa.shtml
2021/7/26,http://www.nhc.gov.cn/xcs/yqtb/202107/4afcb768ccb345f8ad8e41e2deaa83b5.shtml
2021/7/25,http://www.nhc.gov.cn/xcs/yqtb/202107/823e881caf0f4db2aebf280421e35ee4.shtml
2021/7/24,http://www.nhc.gov.cn/xcs/yqtb/202107/8cce0574c154434bab429d2c90eac5f4.shtml
2021/7/23,http://www.nhc.gov.cn/xcs/yqtb/202107/897fb20cd1854b0e8fe3f1e7ea4f9de8.shtml
2021/7/22,http://www.nhc.gov.cn/xcs/yqtb/202107/436b2f1a0dfb41299377dd35c3397a3f.shtml
2021/7/21,http://www.nhc.gov.cn/xcs/yqtb/202107/0d2f5b4faa5e41caaa9f5528eab6581e.shtml
2021/7/20,http://www.nhc.gov.cn/xcs/yqtb/202107/5a643db386ff4ee4b572addca1520ba1.shtml
2021/7/19,http://www.nhc.gov.cn/xcs/yqtb/202107/717c6287cd524c75bef82e592f5d9058.shtml
2021/7/18,http://www.nhc.gov.cn/xcs/yqtb/202107/ce5abab14e5943bb8d651afe9e13f9ba.shtml
2021/7/17,http://www.nhc.gov.cn/xcs/yqtb/202107/c02f920fb37145efa075144af2d17b91.shtml
2021/7/16,http://www.nhc.gov.cn/xcs/yqtb/202107/632795a72e99484dad9fa989dc440c87.shtml
2021/7/15,http://www.nhc.gov.cn/xcs/yqtb/202107/d513a1b55a174311a6d4903766d2459c.shtml
2021/7/14,http://www.nhc.gov.cn/xcs/yqtb/202107/923f961757074387a2d11647e5b6292d.shtml
2021/7/13,http://www.nhc.gov.cn/xcs/yqtb/202107/69598bfebc1348b38e8ceffc73457859.shtml
2021/7/12,http://www.nhc.gov.cn/xcs/yqtb/202107/28e563290de249559fe6e263b731717b.shtml
2021/7/11,http://www.nhc.gov.cn/xcs/yqtb/202107/76b0db0af3c944c6abfe987b2ba8be13.shtml
2021/7/10,http://www.nhc.gov.cn/xcs/yqtb/202107/6a9ecef85b8c4c89acceb21359a5e6e6.shtml
2021/7/9,http://www.nhc.gov.cn/xcs/yqtb/202107/84e8dc46e6e24926ac1c9a781182a2cc.shtml
2021/7/8,http://www.nhc.gov.cn/xcs/yqtb/202107/4db635fdae10490eac1231ab31aab429.shtml
2021/7/7,http://www.nhc.gov.cn/xcs/yqtb/202107/ce3f775f5af6496ca8664e92dd118d9a.shtml
2021/7/6,http://www.nhc.gov.cn/xcs/yqtb/202107/f7b52b9ce93842c58ec7b9b4ba1696ce.shtml
2021/7/5,http://www.nhc.gov.cn/xcs/yqtb/202107/35137f65ec624f8a94ca0d8a3769db26.shtml
2021/7/4,http://www.nhc.gov.cn/xcs/yqtb/202107/74b56672e58443faa40b399b517b0206.shtml
2021/7/3,http://www.nhc.gov.cn/xcs/yqtb/202107/a511790564b144c3b10a9b7625cca5e7.shtml
2021/7/2,http://www.nhc.gov.cn/xcs/yqtb/202107/deef59c847064d6dbfb4fff6bf657258.shtml
2021/7/1,http://www.nhc.gov.cn/xcs/yqtb/202107/b286ca91ca9f47f8a09c381c1d1e0e49.shtml
2021/6/30,http://www.nhc.gov.cn/xcs/yqtb/202106/af568961c754488484577f2476aa9276.shtml
2021/6/29,http://www.nhc.gov.cn/xcs/yqtb/202106/44ca3b09db834889a0a4e30b0d4246b5.shtml
2021/6/28,http://www.nhc.gov.cn/xcs/yqtb/202106/351ad8682875452a929a69356ace9876.shtml
2021/6/27,http://www.nhc.gov.cn/xcs/yqtb/202106/65dc03277f3c464792941fb0cd59f2d6.shtml
2021/6/26,http://www.nhc.gov.cn/xcs/yqtb/202106/b369701b28134556a9fb8158232d87a4.shtml
2021/6/25,http://www.nhc.gov.cn/xcs/yqtb/202106/352e3ee534f4454399579119cde4e122.shtml
2021/6/24,http://www.nhc.gov.cn/xcs/yqtb/202106/5cb897baea814978bd60e195e8c9c1bf.shtml
2021/6/23,http://www.nhc.gov.cn/xcs/yqtb/202106/ae02d323e4684b2488191c306b80894a.shtml
2021/6/22,http://www.nhc.gov.cn/xcs/yqtb/202106/c2eaa8e503c145369b4b4f81c0d037ac.shtml
2021/6/21,http://www.nhc.gov.cn/xcs/yqtb/202106/567bd5a784b74e4580a363965c693009.shtml
2021/6/20,http://www.nhc.gov.cn/xcs/yqtb/202106/8cec193a98814d72b1121aa11c1cb53e.shtml
2021/6/19,http://www.nhc.gov.cn/xcs/yqtb/202106/75c140ffb6404eee9388dbe2544bff64.shtml
2021/6/18,http://www.nhc.gov.cn/xcs/yqtb/202106/dd81a79880da4600b61b65985bcd2963.shtml
2021/6/17,http://www.nhc.gov.cn/xcs/yqtb/202106/6bd3c0c8f1734ed8b74d941dd2c4d582.shtml
2021/6/16,http://www.nhc.gov.cn/xcs/yqtb/202106/944b99aa10b34a1f99c57350aef461cc.shtml
2021/6/15,http://www.nhc.gov.cn/xcs/yqtb/202106/be343636bbd24167b81fcb94a0083db2.shtml
2021/6/14,http://www.nhc.gov.cn/xcs/yqtb/202106/cc7502cabedd475fa27a699d39c4f797.shtml
2021/6/13,http://www.nhc.gov.cn/xcs/yqtb/202106/28766eaf62124b7ba26364601eee64a9.shtml
2021/6/12,http://www.nhc.gov.cn/xcs/yqtb/202106/4c4a185fda3b4e1b8596234e6a42d731.shtml
2021/6/11,http://www.nhc.gov.cn/xcs/yqtb/202106/8d12bf3dba8d4ef8ae5049830e034d40.shtml
2021/6/10,http://www.nhc.gov.cn/xcs/yqtb/202106/7c19ef7f53c34ddc9df4e0abe39eedba.shtml
2021/6/9,http://www.nhc.gov.cn/xcs/yqtb/202106/4bb1883c57044deeb1b45f5875302c9c.shtml
2021/6/8,http://www.nhc.gov.cn/xcs/yqtb/202106/2daae75184f4424e944a4150627dd83a.shtml
2021/6/7,http://www.nhc.gov.cn/xcs/yqtb/202106/c8576813374d4238bf7ec7f29ce75bbe.shtml
2021/6/6,http://www.nhc.gov.cn/xcs/yqtb/202106/ffa26f968a6d4cb39f5449899010e6b4.shtml
2021/6/5,http://www.nhc.gov.cn/xcs/yqtb/202106/7ba8c21dcd6542e19952b079a7af8e7c.shtml
2021/6/4,http://www.nhc.gov.cn/xcs/yqtb/202106/166580d357534768b24f93f65ca92d43.shtml
2021/6/3,http://www.nhc.gov.cn/xcs/yqtb/202106/d0052d72bf1b433784dfa76bf1cad3db.shtml
2021/6/2,http://www.nhc.gov.cn/xcs/yqtb/202106/0dd0a650729a4ebda0709e0fe112211e.shtml
2021/6/1,http://www.nhc.gov.cn/xcs/yqtb/202106/cbf37c9c595040909a039eca43107bae.shtml
2021/5/31,http://www.nhc.gov.cn/xcs/yqtb/202105/f9985a75608641e7b57e0c94da8be898.shtml
2021/5/30,http://www.nhc.gov.cn/xcs/yqtb/202105/0305112e6d104e03a36be251e92cf377.shtml
2021/5/29,http://www.nhc.gov.cn/xcs/yqtb/202105/8832976884324dafb7f26abf243ce662.shtml
2021/5/28,http://www.nhc.gov.cn/xcs/yqtb/202105/c6869d6414834e8096cae815266b1b77.shtml
2021/5/27,http://www.nhc.gov.cn/xcs/yqtb/202105/1a5857287f154759b5e5111c6daa2473.shtml
2021/5/26,http://www.nhc.gov.cn/xcs/yqtb/202105/560add6b801c457887a7f326f0906c87.shtml
2021/5/25,http://www.nhc.gov.cn/xcs/yqtb/202105/985ba1e450854f319d0609f9cd172f28.shtml
2021/5/24,http://www.nhc.gov.cn/xcs/yqtb/202105/448218e86de44f45ba337953d6fc290a.shtml
2021/5/23,http://www.nhc.gov.cn/xcs/yqtb/202105/97e1dd8bbea34e5bb278cecb249c7c11.shtml
2021/5/22,http://www.nhc.gov.cn/xcs/yqtb/202105/f1640e193cce4747b132157479f72adf.shtml
2021/5/21,http://www.nhc.gov.cn/xcs/yqtb/202105/5770d9f690e14a21969d5689434fe1eb.shtml
2021/5/20,http://www.nhc.gov.cn/xcs/yqtb/202105/675375148b814ff78e8c6119ccd693ff.shtml
2021/5/19,http://www.nhc.gov.cn/xcs/yqtb/202105/88f80cbe1eac486283088d9cf64bef0d.shtml
2021/5/18,http://www.nhc.gov.cn/xcs/yqtb/202105/21cc78a68fda490bb4e058350665e9c3.shtml
2021/5/17,http://www.nhc.gov.cn/xcs/yqtb/202105/e1f488233159435a90bb3c3fbbf0435d.shtml
2021/5/16,http://www.nhc.gov.cn/xcs/yqtb/202105/f90990ce3bae4181a2b592ea8498b7d3.shtml
2021/5/15,http://www.nhc.gov.cn/xcs/yqtb/202105/174dba46313e43a1a49bf199d3905e6d.shtml
2021/5/14,http://www.nhc.gov.cn/xcs/yqtb/202105/24b9751f35cb4abda082409b540259d4.shtml
2021/5/13,http://www.nhc.gov.cn/xcs/yqtb/202105/9e67c1b911804c1db61e7cce01e9b193.shtml
2021/5/12,http://www.nhc.gov.cn/xcs/yqtb/202105/621669f572624c06ae999845ed6ed604.shtml
2021/5/11,http://www.nhc.gov.cn/xcs/yqtb/202105/91c0c2ccb86f46c69650a7eee4025d6e.shtml
2021/5/10,http://www.nhc.gov.cn/xcs/yqtb/202105/74b8298cb0db4a75bf7fff97b4518b87.shtml
2021/5/9,http://www.nhc.gov.cn/xcs/yqtb/202105/ce288ab7a17d4420abd8c5380ecd2872.shtml
2021/5/8,http://www.nhc.gov.cn/xcs/yqtb/202105/5d3c06cd6ed145b1baf19358ed3b7227.shtml
2021/5/7,http://www.nhc.gov.cn/xcs/yqtb/202105/9879c05a0c2c4b4f88778329db597df7.shtml
2021/5/6,http://www.nhc.gov.cn/xcs/yqtb/202105/13544c26b2ba44de90284617f6954612.shtml
2021/5/5,http://www.nhc.gov.cn/xcs/yqtb/202105/0d354652af804028b19757172396fb1c.shtml
2021/5/4,http://www.nhc.gov.cn/xcs/yqtb/202105/3abf2aea54a04ccba0a7f0416bd6d618.shtml
2021/5/3,http://www.nhc.gov.cn/xcs/yqtb/202105/c05d976328214d9aa1b29c3bdd9b6b09.shtml
2021/5/2,http://www.nhc.gov.cn/xcs/yqtb/202105/c73ba2a314b34cefb51eadcccb0e44eb.shtml
2021/5/1,http://www.nhc.gov.cn/xcs/yqtb/202105/4f0e159b93ec43978cb8dd5a5d087c98.shtml
2021/4/30,http://www.nhc.gov.cn/xcs/yqtb/202104/80fb5915f82049f4abf53293804382a2.shtml
2021/4/29,http://www.nhc.gov.cn/xcs/yqtb/202104/2de6ab37aa604b6ca2a8806889d720a0.shtml
2021/4/28,http://www.nhc.gov.cn/xcs/yqtb/202104/2949443555474b1d8f42739848148272.shtml
2021/4/27,http://www.nhc.gov.cn/xcs/yqtb/202104/361be0cdfbbc4ac0b9cbed8973a0f515.shtml
2021/4/26,http://www.nhc.gov.cn/xcs/yqtb/202104/7a532accde2d4aab80a4c90f4d594960.shtml
2021/4/25,http://www.nhc.gov.cn/xcs/yqtb/202104/06a11a9c17ae492cb286bb267f934a44.shtml
2021/4/24,http://www.nhc.gov.cn/xcs/yqtb/202104/b685b6fa5e8c40748b523640b919e6df.shtml
2021/4/23,http://www.nhc.gov.cn/xcs/yqtb/202104/d3c16efa4f2243d0b9c5e3731032f63a.shtml
2021/4/22,http://www.nhc.gov.cn/xcs/yqtb/202104/28913a9ce25d4ab2ace019868456f664.shtml
2021/4/21,http://www.nhc.gov.cn/xcs/yqtb/202104/1be44bd0ea884a6c82f1fe990ead9e56.shtml
2021/4/20,http://www.nhc.gov.cn/xcs/yqtb/202104/9b4c379e55e741219e2a9700b8426157.shtml
2021/4/19,http://www.nhc.gov.cn/xcs/yqtb/202104/72eb946b1803400c917649ed8bf3530d.shtml
2021/4/18,http://www.nhc.gov.cn/xcs/yqtb/202104/ed31178f2d7743139fd35df4bcedc086.shtml
2021/4/17,http://www.nhc.gov.cn/xcs/yqtb/202104/443036d19a4b4331ae13a4db37e6bcfd.shtml
2021/4/16,http://www.nhc.gov.cn/xcs/yqtb/202104/e1a4356964e64a049dfc5fbbda06fdcb.shtml
2021/4/15,http://www.nhc.gov.cn/xcs/yqtb/202104/e6d9b9165f1641c38d96f661e7b492b8.shtml
2021/4/14,http://www.nhc.gov.cn/xcs/yqtb/202104/e58007d0da584e72b7f6781bd7212303.shtml
2021/4/13,http://www.nhc.gov.cn/xcs/yqtb/202104/9f5cf9c5bb5c4957afe7716749aa4701.shtml
2021/4/12,http://www.nhc.gov.cn/xcs/yqtb/202104/8bfd2cef2bb94512adb08a1b3a86fe7e.shtml
2021/4/11,http://www.nhc.gov.cn/xcs/yqtb/202104/869eca8040a64dcbae933c6fb03563a2.shtml
2021/4/10,http://www.nhc.gov.cn/xcs/yqtb/202104/c725dce8c7dd46959a3188a6259d6673.shtml
2021/4/9,http://www.nhc.gov.cn/xcs/yqtb/202104/78e0cafebbe2475da6787e09197cd411.shtml
2021/4/8,http://www.nhc.gov.cn/xcs/yqtb/202104/ed07471bac3946ce8f2c0e5ea1901173.shtml
2021/4/7,http://www.nhc.gov.cn/xcs/yqtb/202104/ce3532ee42af45ee8d4b7f0319951b00.shtml
2021/4/6,http://www.nhc.gov.cn/xcs/yqtb/202104/2b4ef890372e4769ba6f0e7667ba87cf.shtml
2021/4/5,http://www.nhc.gov.cn/xcs/yqtb/202104/9f286d87dbff45d79a8c4448389ac920.shtml
2021/4/4,http://www.nhc.gov.cn/xcs/yqtb/202104/1f61a9d6f81a44c6a42904544907670e.shtml
2021/4/3,http://www.nhc.gov.cn/xcs/yqtb/202104/b2ad039c93224a7d84333564446faa82.shtml
2021/4/2,http://www.nhc.gov.cn/xcs/yqtb/202104/ca2402d9691f4fad8e85ae079f45c03f.shtml
2021/4/1,http://www.nhc.gov.cn/xcs/yqtb/202104/e7a8c492aa0b404e9039dd3a308bc06a.shtml
2021/3/31,http://www.nhc.gov.cn/xcs/yqtb/202103/27fec7f6f859490792d7ba9c95bf7247.shtml
2021/3/30,http://www.nhc.gov.cn/xcs/yqtb/202103/545e9d8e5ddd4be78eddd6088708c288.shtml
2021/3/29,http://www.nhc.gov.cn/xcs/yqtb/202103/a9bbabb43b2f47cb8f9953793f85e858.shtml
2021/3/28,http://www.nhc.gov.cn/xcs/yqtb/202103/62c789e210e7460ab0a3984513dfdfd9.shtml
2021/3/27,http://www.nhc.gov.cn/xcs/yqtb/202103/a6b6a2093a7047dd8be19d40739a402d.shtml
2021/3/26,http://www.nhc.gov.cn/xcs/yqtb/202103/8607bdd6ec924975b83892870f082734.shtml
2021/3/25,http://www.nhc.gov.cn/xcs/yqtb/202103/6eb7140eb9da473880c89676bcb48748.shtml
2021/3/24,http://www.nhc.gov.cn/xcs/yqtb/202103/1f59d9f198df456bbed387e1d394d581.shtml
2021/3/23,http://www.nhc.gov.cn/xcs/yqtb/202103/62fb967aa0fe4540bcbf99c991aafefd.shtml
2021/3/22,http://www.nhc.gov.cn/xcs/yqtb/202103/3309504a6f044ecaa2bc506179d52d5b.shtml
2021/3/21,http://www.nhc.gov.cn/xcs/yqtb/202103/2494ea0ceb9a49a09674f4d0ebf5e27a.shtml
2021/3/20,http://www.nhc.gov.cn/xcs/yqtb/202103/2bdefe1927774a9ba48f65cfe03e5b24.shtml
2021/3/19,http://www.nhc.gov.cn/xcs/yqtb/202103/82aea98f0fa04a05927f240e5152a963.shtml
2021/3/18,http://www.nhc.gov.cn/xcs/yqtb/202103/90dc78a8a27c4b109cce854f23e37965.shtml
2021/3/17,http://www.nhc.gov.cn/xcs/yqtb/202103/e01eaf958a334ecea96be9a7f0c13ebb.shtml
2021/3/16,http://www.nhc.gov.cn/xcs/yqtb/202103/207c2b8d068a4881a1af1ec301de9713.shtml
2021/3/15,http://www.nhc.gov.cn/xcs/yqtb/202103/855e1cf13c5945af97efa6b2815a00f5.shtml
2021/3/14,http://www.nhc.gov.cn/xcs/yqtb/202103/d1320dafbe0049c7b40fde6471d977bf.shtml
2021/3/13,http://www.nhc.gov.cn/xcs/yqtb/202103/3626d127fdb941168433c3e278a3e9f5.shtml
2021/3/12,http://www.nhc.gov.cn/xcs/yqtb/202103/a206b7f2e15b43e39ab04f817ca1f019.shtml
2021/3/11,http://www.nhc.gov.cn/xcs/yqtb/202103/69c5e1c2664e4966a3274bc976af9c74.shtml
2021/3/10,http://www.nhc.gov.cn/xcs/yqtb/202103/4da8e60f90e349f1ae028a124aec846c.shtml
2021/3/9,http://www.nhc.gov.cn/xcs/yqtb/202103/4472a10314ef42149076eacf1cffbd58.shtml
2021/3/8,http://www.nhc.gov.cn/xcs/yqtb/202103/b081d845a8a04c02b5d38c5a167068f0.shtml
2021/3/7,http://www.nhc.gov.cn/xcs/yqtb/202103/2f9c882a5ac34d98872533ed7fae9705.shtml
2021/3/6,http://www.nhc.gov.cn/xcs/yqtb/202103/7f1c3a65a1254d41837ef20942e8ff6a.shtml
2021/3/5,http://www.nhc.gov.cn/xcs/yqtb/202103/4a38fb3bf3ab4fe990786033a132c9de.shtml
2021/3/4,http://www.nhc.gov.cn/xcs/yqtb/202103/eb7209eda17c4e7aa513a11b34d226ce.shtml
2021/3/3,http://www.nhc.gov.cn/xcs/yqtb/202103/c9adac2776354ddd8bbdfb8ce5144504.shtml
2021/3/2,http://www.nhc.gov.cn/xcs/yqtb/202103/1d619d17c6e14850a02e3e571df54b31.shtml
2021/3/1,http://www.nhc.gov.cn/xcs/yqtb/202103/4c1de94e65384f28ad4e39cb4efc248d.shtml
2021/2/28,http://www.nhc.gov.cn/xcs/yqtb/202102/297ade2205794aa6be9048d1a8f7e5c2.shtml
2021/2/27,http://www.nhc.gov.cn/xcs/yqtb/202102/cfac22274d7743d9a4c87e1a2a241f0b.shtml
2021/2/26,http://www.nhc.gov.cn/xcs/yqtb/202102/02b813e197624b9bbd20ddb527ec6c44.shtml
2021/2/25,http://www.nhc.gov.cn/xcs/yqtb/202102/b8da537de9404e7aad906bc594aa89e8.shtml
2021/2/24,http://www.nhc.gov.cn/xcs/yqtb/202102/18e1451c1c6c480da376520c830df825.shtml
2021/2/23,http://www.nhc.gov.cn/xcs/yqtb/202102/85e63f2a6a7b4a07a19f2a7d5f4182b4.shtml
2021/2/22,http://www.nhc.gov.cn/xcs/yqtb/202102/44e37aabfe6b43439b351fd665a114c9.shtml
2021/2/21,http://www.nhc.gov.cn/xcs/yqtb/202102/2ca9bb521132429a9748d0e58fecc866.shtml
2021/2/20,http://www.nhc.gov.cn/xcs/yqtb/202102/7314be11101845ff8bbfe8b43f8db95c.shtml
2021/2/19,http://www.nhc.gov.cn/xcs/yqtb/202102/d5f194089fd648e792f5343b043f9db3.shtml
2021/2/18,http://www.nhc.gov.cn/xcs/yqtb/202102/9f812d60114a4f79a8cf001dd71d90ca.shtml
2021/2/17,http://www.nhc.gov.cn/xcs/yqtb/202102/02ea11c1afea47758bc64c8fb4c3bf81.shtml
2021/2/16,http://www.nhc.gov.cn/xcs/yqtb/202102/9b6d2fe5229846ca9cd5786cca8a0705.shtml
2021/2/15,http://www.nhc.gov.cn/xcs/yqtb/202102/026a419debec44b0be7fe8d1da484323.shtml
2021/2/14,http://www.nhc.gov.cn/xcs/yqtb/202102/6fc9a52ca4bd4a34b4c57330a2351cae.shtml
2021/2/13,http://www.nhc.gov.cn/xcs/yqtb/202102/5cc3cb6f038640269bda9cd4e4a3a2a3.shtml
2021/2/12,http://www.nhc.gov.cn/xcs/yqtb/202102/69fe5ccf861445cc87ec8eb2500a1c8d.shtml
2021/2/11,http://www.nhc.gov.cn/xcs/yqtb/202102/eacc9b5633034f3d9f2e7179c8a30220.shtml
2021/2/10,http://www.nhc.gov.cn/xcs/yqtb/202102/9ed466c01a8a42de8a1403c60c8066d0.shtml
2021/2/9,http://www.nhc.gov.cn/xcs/yqtb/202102/31fdfaf836354c76891a01c6b8f58b73.shtml
2021/2/8,http://www.nhc.gov.cn/xcs/yqtb/202102/ea8e2841b0084df4b20798ae4d419b09.shtml
2021/2/7,http://www.nhc.gov.cn/xcs/yqtb/202102/6245148b7c374191850ba9160c051be2.shtml
2021/2/6,http://www.nhc.gov.cn/xcs/yqtb/202102/81f4ea8fc1f74ed0a6ef5b8a88501030.shtml
2021/2/5,http://www.nhc.gov.cn/xcs/yqtb/202102/a18bed07c66947c5a876e7d19cadfd9a.shtml
2021/2/4,http://www.nhc.gov.cn/xcs/yqtb/202102/f2c86315ce23406a8507041529e139b3.shtml
2021/2/3,http://www.nhc.gov.cn/xcs/yqtb/202102/2abd87beccab441cbca78431cd1c8f1d.shtml
2021/2/2,http://www.nhc.gov.cn/xcs/yqtb/202102/0d8063f3406d4897ae63cd323f724f76.shtml
2021/2/1,http://www.nhc.gov.cn/xcs/yqtb/202102/c23e5fc6ffb642a286e3a3fd60afd066.shtml
2021/1/31,http://www.nhc.gov.cn/xcs/yqtb/202101/51a14d519d394a31ab7ad8b20105dcbd.shtml
2021/1/30,http://www.nhc.gov.cn/xcs/yqtb/202101/85419dcc1c624935ac43e23518dd9e62.shtml
2021/1/29,http://www.nhc.gov.cn/xcs/yqtb/202101/39d6c7fbeb8845009146df081038d877.shtml
2021/1/28,http://www.nhc.gov.cn/xcs/yqtb/202101/551467b8a37748a4930c0c9411dd4501.shtml
2021/1/27,http://www.nhc.gov.cn/xcs/yqtb/202101/d521aee167144bfbb86866767b63a5d9.shtml
2021/1/26,http://www.nhc.gov.cn/xcs/yqtb/202101/c968fc85905741ad86cc2917b10b57d9.shtml
2021/1/25,http://www.nhc.gov.cn/xcs/yqtb/202101/7e09df69ae3b47819c04cff57c89b059.shtml
2021/1/24,http://www.nhc.gov.cn/xcs/yqtb/202101/f2bd16980ba54fe4b87bc0a91c4433ab.shtml
2021/1/23,http://www.nhc.gov.cn/xcs/yqtb/202101/8277e4cd420f43d096f93c06d398303f.shtml
2021/1/22,http://www.nhc.gov.cn/xcs/yqtb/202101/0d020aff5f5e4268a7358d5483246b13.shtml
2021/1/21,http://www.nhc.gov.cn/xcs/yqtb/202101/f10f01c9f5474819acadd8a056600cc1.shtml
2021/1/20,http://www.nhc.gov.cn/xcs/yqtb/202101/106251e3a5b646d086e497f14e17c56e.shtml
2021/1/19,http://www.nhc.gov.cn/xcs/yqtb/202101/56c57edef18f4c68acf4603160f152e1.shtml
2021/1/18,http://www.nhc.gov.cn/xcs/yqtb/202101/8cb5929b31064955ba742815baf48f51.shtml
2021/1/17,http://www.nhc.gov.cn/xcs/yqtb/202101/84a8d78dcc9b44419b0120168c6a7845.shtml
2021/1/16,http://www.nhc.gov.cn/xcs/yqtb/202101/6e7b552846584aceae8467d4c2f61657.shtml
2021/1/15,http://www.nhc.gov.cn/xcs/yqtb/202101/93f0aa6c77024491adc118667c65bf8a.shtml
2021/1/14,http://www.nhc.gov.cn/xcs/yqtb/202101/1cd117e46f2640a29d00d5e9323ca2e5.shtml
2021/1/13,http://www.nhc.gov.cn/xcs/yqtb/202101/c7e1a4b5b4354f7f97fd43e7e51c7eab.shtml
2021/1/12,http://www.nhc.gov.cn/xcs/yqtb/202101/b70d608498e549c5973d955e868101e7.shtml
2021/1/11,http://www.nhc.gov.cn/xcs/yqtb/202101/121c0f93aaf345f788df0b71d7d8ed52.shtml
2021/1/10,http://www.nhc.gov.cn/xcs/yqtb/202101/3264da160e354c9690829a492c7141cb.shtml
2021/1/9,http://www.nhc.gov.cn/xcs/yqtb/202101/8dc4459ecf98457eaa8dc22c73886bcf.shtml
2021/1/8,http://www.nhc.gov.cn/xcs/yqtb/202101/b646a63a57854c8aabbbe344f0a0aebb.shtml
2021/1/7,http://www.nhc.gov.cn/xcs/yqtb/202101/8011b21e1b874eee80020a585db487d7.shtml
2021/1/6,http://www.nhc.gov.cn/xcs/yqtb/202101/2bf43b60308e462a811b9ae6e1e1cd51.shtml
2021/1/5,http://www.nhc.gov.cn/xcs/yqtb/202101/979586c373564536a36f5829a9c2d34e.shtml
2021/1/4,http://www.nhc.gov.cn/xcs/yqtb/202101/c33bed5ff64846d68d23a446654bb50b.shtml
2021/1/3,http://www.nhc.gov.cn/xcs/yqtb/202101/e5301d8c468b4608b28ed7d0f013c881.shtml
2021/1/2,http://www.nhc.gov.cn/xcs/yqtb/202101/39a96b782bcb4118b37442ed6124380c.shtml
2021/1/1,http://www.nhc.gov.cn/xcs/yqtb/202101/fb6984369cf24060b5d4187e7fa3fc53.shtml
2020/12/31,http://www.nhc.gov.cn/xcs/yqtb/202012/f3065d86524a4202a1384ed6b9b9f2b5.shtml
2020/12/30,http://www.nhc.gov.cn/xcs/yqtb/202012/59afa466d1ff416f93070dd20c4f990c.shtml
2020/12/29,http://www.nhc.gov.cn/xcs/yqtb/202012/07090b7748584e5fb624aa2196e73051.shtml
2020/12/28,http://www.nhc.gov.cn/xcs/yqtb/202012/2383e86a520d4dcbbadab7f31fd5d9a1.shtml
2020/12/27,http://www.nhc.gov.cn/xcs/yqtb/202012/b9f6caaa2be149899048a61f81d1e8d0.shtml
2020/12/26,http://www.nhc.gov.cn/xcs/yqtb/202012/1dff832d5c2b43a9b26d2cc9a197599c.shtml
2020/12/25,http://www.nhc.gov.cn/xcs/yqtb/202012/c12a19e50c6243bdbad8a4b3fba4efa0.shtml
2020/12/24,http://www.nhc.gov.cn/xcs/yqtb/202012/94aef30dec7c4032b6ca71a1a66b8f23.shtml
2020/12/23,http://www.nhc.gov.cn/xcs/yqtb/202012/b333c2109f834383be7205cb90ce8077.shtml
2020/12/22,http://www.nhc.gov.cn/xcs/yqtb/202012/35822c92bcd341cd8433c63828a03050.shtml
2020/12/21,http://www.nhc.gov.cn/xcs/yqtb/202012/7a22f365901345038fafd4383c08ddcc.shtml
2020/12/20,http://www.nhc.gov.cn/xcs/yqtb/202012/d2a401596a094c13a2c72efc7121e671.shtml
2020/12/19,http://www.nhc.gov.cn/xcs/yqtb/202012/0ae75b9a0ed94a93814648d177b542ce.shtml
2020/12/18,http://www.nhc.gov.cn/xcs/yqtb/202012/f0af51f645dd493d8b4905a8a3ac3fbc.shtml
2020/12/17,http://www.nhc.gov.cn/xcs/yqtb/202012/fdf275ba123d437b8588c3cdf274943e.shtml
2020/12/16,http://www.nhc.gov.cn/xcs/yqtb/202012/c424a62f39374fd988ff283dc93109e0.shtml
2020/12/15,http://www.nhc.gov.cn/xcs/yqtb/202012/256ddeec831d489297806a5482df907a.shtml
2020/12/14,http://www.nhc.gov.cn/xcs/yqtb/202012/18436494f842424cb9c1a0e4d5b0b71e.shtml
2020/12/13,http://www.nhc.gov.cn/xcs/yqtb/202012/1105352d7a5a4ad1845bb85deefef85b.shtml
2020/12/12,http://www.nhc.gov.cn/xcs/yqtb/202012/3385a896b4cd4b06811059986892cfdc.shtml
2020/12/11,http://www.nhc.gov.cn/xcs/yqtb/202012/9c71024c45bf43548469204f9e9e064b.shtml
2020/12/10,http://www.nhc.gov.cn/xcs/yqtb/202012/a1dc5366c0414c2a91b8781764fbb965.shtml
2020/12/9,http://www.nhc.gov.cn/xcs/yqtb/202012/240553e26c4e467d9122fdbeb7f8d264.shtml
2020/12/8,http://www.nhc.gov.cn/xcs/yqtb/202012/b55b4da970e64f459dc9a1b023e176f9.shtml
2020/12/7,http://www.nhc.gov.cn/xcs/yqtb/202012/e59afaf7e843468786012e75291fd01d.shtml
2020/12/6,http://www.nhc.gov.cn/xcs/yqtb/202012/65d1ce8e13cc4d5a9bb690bf1e6393d8.shtml
2020/12/5,http://www.nhc.gov.cn/xcs/yqtb/202012/200039b537b644f79541af3db34d1486.shtml
2020/12/4,http://www.nhc.gov.cn/xcs/yqtb/202012/487378ac82ca4bdbbf82fd03eaa3a182.shtml
2020/12/3,http://www.nhc.gov.cn/xcs/yqtb/202012/474e12dd937645e49aaf58256a1027e6.shtml
2020/12/2,http://www.nhc.gov.cn/xcs/yqtb/202012/262d3d4f4eaa491b875a24027a606aba.shtml
2020/12/1,http://www.nhc.gov.cn/xcs/yqtb/202012/44be13cf0ac2404fba350baa3e764cf6.shtml
2020/11/30,http://www.nhc.gov.cn/xcs/yqtb/202011/55e459ab82314be6993deeb64996730b.shtml
2020/11/29,http://www.nhc.gov.cn/xcs/yqtb/202011/6d4b18f7b0a94832b0f9b8a0e561c6d5.shtml
2020/11/28,http://www.nhc.gov.cn/xcs/yqtb/202011/c02ae1c55f774e7f94dbc4c08edc5e2a.shtml
2020/11/27,http://www.nhc.gov.cn/xcs/yqtb/202011/f44d8c144bf746f589d49b36328098ae.shtml
2020/11/26,http://www.nhc.gov.cn/xcs/yqtb/202011/d721ef339f314586971cde438f0aa269.shtml
2020/11/25,http://www.nhc.gov.cn/xcs/yqtb/202011/71685bb209cc406a9ad9e3dba1f93af2.shtml
2020/11/24,http://www.nhc.gov.cn/xcs/yqtb/202011/084d24bd86ac4a33953c46a23e078304.shtml
2020/11/23,http://www.nhc.gov.cn/xcs/yqtb/202011/f9ca085f985b4292afb080b6304e9a63.shtml
2020/11/22,http://www.nhc.gov.cn/xcs/yqtb/202011/66e720296a8d4a14a8e9012d3bbb58fc.shtml
2020/11/21,http://www.nhc.gov.cn/xcs/yqtb/202011/6256e1dfe9dc48a1ab4d1a6b582365b5.shtml
2020/11/20,http://www.nhc.gov.cn/xcs/yqtb/202011/f305386682ed4e2daefa2dde5fa68b68.shtml
2020/11/19,http://www.nhc.gov.cn/xcs/yqtb/202011/54c97e71107f4ab49da84a04c6f84f49.shtml
2020/11/18,http://www.nhc.gov.cn/xcs/yqtb/202011/3fc0c71447e449f0aeacd31c356c6410.shtml
2020/11/17,http://www.nhc.gov.cn/xcs/yqtb/202011/91d91013372a4232a83fab128a482909.shtml
2020/11/16,http://www.nhc.gov.cn/xcs/yqtb/202011/ad806976acce438ab5c48e187e907fc1.shtml
2020/11/15,http://www.nhc.gov.cn/xcs/yqtb/202011/5dea8aa9e87148ecb78465b9455f85a3.shtml
2020/11/14,http://www.nhc.gov.cn/xcs/yqtb/202011/a437f697506a42efa0e177b4e79a2d34.shtml
2020/11/13,http://www.nhc.gov.cn/xcs/yqtb/202011/f952b1c45e414dcfbcdea6efd556f4bd.shtml
2020/11/12,http://www.nhc.gov.cn/xcs/yqtb/202011/9f1908401e164400b0fbd26f96780179.shtml
2020/11/11,http://www.nhc.gov.cn/xcs/yqtb/202011/e3f1d31c7af141978792e689337e6435.shtml
2020/11/10,http://www.nhc.gov.cn/xcs/yqtb/202011/663e3753744f41d0b506324fa719d1be.shtml
2020/11/9,http://www.nhc.gov.cn/xcs/yqtb/202011/1d2898acb2b94d459e8b3f560162ac10.shtml
2020/11/8,http://www.nhc.gov.cn/xcs/yqtb/202011/e05fd20dca384de6a098ed4e03368bb1.shtml
2020/11/7,http://www.nhc.gov.cn/xcs/yqtb/202011/07daf90cf52d444d883c031305f3dc84.shtml
2020/11/6,http://www.nhc.gov.cn/xcs/yqtb/202011/dd00c5b07f8c4f4ca1c475e22c4a1b19.shtml
2020/11/5,http://www.nhc.gov.cn/xcs/yqtb/202011/b785f3a6257245328c7224a5d27be90e.shtml
2020/11/4,http://www.nhc.gov.cn/xcs/yqtb/202011/61292d52e8964c518a54977e1506bb6d.shtml
2020/11/3,http://www.nhc.gov.cn/xcs/yqtb/202011/1e8578f2215b4d5ca11a28fa0a86a910.shtml
2020/11/2,http://www.nhc.gov.cn/xcs/yqtb/202011/5c7bb38623664032a2fd20d6d3d9d617.shtml
2020/11/1,http://www.nhc.gov.cn/xcs/yqtb/202011/357c1bf3e78f47a3b3c9b7cffec1b7b5.shtml
2020/10/31,http://www.nhc.gov.cn/xcs/yqtb/202010/accc28f30e574f13a9f1b8e5546b5a52.shtml
2020/10/30,http://www.nhc.gov.cn/xcs/yqtb/202010/111b4ced73cb4df1863928f183b29b13.shtml
2020/10/29,http://www.nhc.gov.cn/xcs/yqtb/202010/26319901e2f44705aad315a607eba48f.shtml
2020/10/28,http://www.nhc.gov.cn/xcs/yqtb/202010/ff8037b575014f7287eeea033beeaaa9.shtml
2020/10/27,http://www.nhc.gov.cn/xcs/yqtb/202010/9ba5d3e1bb7045c093b816b05865884a.shtml
2020/10/26,http://www.nhc.gov.cn/xcs/yqtb/202010/df4458c2af934902951003b730fe636f.shtml
2020/10/25,http://www.nhc.gov.cn/xcs/yqtb/202010/bcdeddded9804485b6252e0930cd9296.shtml
2020/10/24,http://www.nhc.gov.cn/xcs/yqtb/202010/9abee7a4006842ee8b086cc78ca58e76.shtml
2020/10/23,http://www.nhc.gov.cn/xcs/yqtb/202010/d2ac8bb0663949718dbfc036fe406a9c.shtml
2020/10/22,http://www.nhc.gov.cn/xcs/yqtb/202010/02ff3e6ea63d455da91d85dbee84eedf.shtml
2020/10/21,http://www.nhc.gov.cn/xcs/yqtb/202010/25f1ff9f3fbb48f3a6fbf43881a08529.shtml
2020/10/20,http://www.nhc.gov.cn/xcs/yqtb/202010/dba899e281144937a034895f4687320e.shtml
2020/10/19,http://www.nhc.gov.cn/xcs/yqtb/202010/6bf70148f6ef4893ae5e49962b605a13.shtml
2020/10/18,http://www.nhc.gov.cn/xcs/yqtb/202010/1f3d8bcf78fc49c7a2265a174a91ebb4.shtml
2020/10/17,http://www.nhc.gov.cn/xcs/yqtb/202010/ebdf99fdf753489f84615cd6c6ec083f.shtml
2020/10/16,http://www.nhc.gov.cn/xcs/yqtb/202010/92edf631402f434e815cca9c862096b8.shtml
2020/10/15,http://www.nhc.gov.cn/xcs/yqtb/202010/9825ec10d6e7446db8697801dbf42cff.shtml
2020/10/14,http://www.nhc.gov.cn/xcs/yqtb/202010/fd29392939dc427da0fe9e5093b6a191.shtml
2020/10/13,http://www.nhc.gov.cn/xcs/yqtb/202010/400a3f95e1be4aa7b702ac45b96570f2.shtml
2020/10/12,http://www.nhc.gov.cn/xcs/yqtb/202010/7414a2c07bcf4cec9411e69ab2c21d70.shtml
2020/10/11,http://www.nhc.gov.cn/xcs/yqtb/202010/b4298767b6104a80a15ec7e8e477e322.shtml
2020/10/10,http://www.nhc.gov.cn/xcs/yqtb/202010/6e6a3dd7d13f4f6095801e0068eda975.shtml
2020/10/9,http://www.nhc.gov.cn/xcs/yqtb/202010/2fbce5a9836d4b09a89a0d85a2e05ac2.shtml
2020/10/8,http://www.nhc.gov.cn/xcs/yqtb/202010/545f2a4ee76c4c42bb84cfb25ee3cd17.shtml
2020/10/7,http://www.nhc.gov.cn/xcs/yqtb/202010/2bf38d3977ea492e93b1ebdf833fe775.shtml
2020/10/6,http://www.nhc.gov.cn/xcs/yqtb/202010/01259c68ae9f455d8adc993fec45f3e3.shtml
2020/10/5,http://www.nhc.gov.cn/xcs/yqtb/202010/9fac34dfe1434b1d8d30909bdef4e7f9.shtml
2020/10/4,http://www.nhc.gov.cn/xcs/yqtb/202010/8a6ac2d0e687458bb35677c7ee14b883.shtml
2020/10/3,http://www.nhc.gov.cn/xcs/yqtb/202010/b2a5f2d5fa1f4cee8c57d011d38f2a35.shtml
2020/10/2,http://www.nhc.gov.cn/xcs/yqtb/202010/08c7b372eece40b3acaa46f03c738f69.shtml
2020/10/1,http://www.nhc.gov.cn/xcs/yqtb/202010/2837d6df57f042bf8212c0846f4bc6ab.shtml
2020/9/30,http://www.nhc.gov.cn/xcs/yqtb/202009/9015bdbd354147919d82bd84a68cd919.shtml
2020/9/29,http://www.nhc.gov.cn/xcs/yqtb/202009/03465726712d4b42be0f846ee2eae62c.shtml
2020/9/28,http://www.nhc.gov.cn/xcs/yqtb/202009/6cafe36261a5402c8b74155ba32f69bc.shtml
2020/9/27,http://www.nhc.gov.cn/xcs/yqtb/202009/6664a44afca84b83be8cccd8283eba33.shtml
2020/9/26,http://www.nhc.gov.cn/xcs/yqtb/202009/fa22ae32668e45a9a1fa54da09fb750c.shtml
2020/9/25,http://www.nhc.gov.cn/xcs/yqtb/202009/7ad4cad835e444a9aa478322a7b3c9ef.shtml
2020/9/24,http://www.nhc.gov.cn/xcs/yqtb/202009/257c5f43a06d402385004f982d31c2d9.shtml
2020/9/23,http://www.nhc.gov.cn/xcs/yqtb/202009/c42c067d121f410aad195d20d8a5d917.shtml
2020/9/22,http://www.nhc.gov.cn/xcs/yqtb/202009/2de52736b3c6447d89b07890c2b78fc3.shtml
2020/9/21,http://www.nhc.gov.cn/xcs/yqtb/202009/83d8201380b14b64bba911d314d51621.shtml
2020/9/20,http://www.nhc.gov.cn/xcs/yqtb/202009/5b6e900d3b264671881872e527dda804.shtml
2020/9/19,http://www.nhc.gov.cn/xcs/yqtb/202009/94ab198bf8b0417d8cff783d365cd0a4.shtml
2020/9/18,http://www.nhc.gov.cn/xcs/yqtb/202009/abf8591329e94dd7b01f7da7494efe77.shtml
2020/9/17,http://www.nhc.gov.cn/xcs/yqtb/202009/eb244dfa6fa74b0784dfc347ecb40b7c.shtml
2020/9/16,http://www.nhc.gov.cn/xcs/yqtb/202009/30453c82c9b3421a945598a2420c6c20.shtml
2020/9/15,http://www.nhc.gov.cn/xcs/yqtb/202009/a2f6fc89b8c545ecb806a86b6bc5437a.shtml
2020/9/14,http://www.nhc.gov.cn/xcs/yqtb/202009/64b2732f4a50433f9c4041d42581a094.shtml
2020/9/13,http://www.nhc.gov.cn/xcs/yqtb/202009/fb5dff20d86349198d62708468d08019.shtml
2020/9/12,http://www.nhc.gov.cn/xcs/yqtb/202009/079d5534ffb541f3aaf5cd21b19677a7.shtml
2020/9/11,http://www.nhc.gov.cn/xcs/yqtb/202009/e58d8c784dd94834a6b6cbc57a82d753.shtml
2020/9/10,http://www.nhc.gov.cn/xcs/yqtb/202009/2e45e8a5ddb949878095aa703063fdee.shtml
2020/9/9,http://www.nhc.gov.cn/xcs/yqtb/202009/36ad319bf715477aa62c49cc1fb0cd2f.shtml
2020/9/8,http://www.nhc.gov.cn/xcs/yqtb/202009/e1661b5e55af44639ae73fa98bc7660d.shtml
2020/9/7,http://www.nhc.gov.cn/xcs/yqtb/202009/0686a84eb8ca45158929486f68d2de93.shtml
2020/9/6,http://www.nhc.gov.cn/xcs/yqtb/202009/ddb1b3465836463fb0a37ad621af7060.shtml
2020/9/5,http://www.nhc.gov.cn/xcs/yqtb/202009/d6ea56d162da4704b3b19e29d45d2a3a.shtml
2020/9/4,http://www.nhc.gov.cn/xcs/yqtb/202009/cac8f60f53084af3a1a5a447fc11186e.shtml
2020/9/3,http://www.nhc.gov.cn/xcs/yqtb/202009/65131b247c42427396c4b2461026e2ad.shtml
2020/9/2,http://www.nhc.gov.cn/xcs/yqtb/202009/c9e6ec635c2447a7a467934b1b98aa7a.shtml
2020/9/1,http://www.nhc.gov.cn/xcs/yqtb/202009/170661a5589542c497b5822270d8eb7c.shtml
2020/8/31,http://www.nhc.gov.cn/xcs/yqtb/202008/1eb982b3f8024d9e9f5ed461351385bb.shtml
2020/8/30,http://www.nhc.gov.cn/xcs/yqtb/202008/c9fa2343a73a4a9abb21e1df5dc1778d.shtml
2020/8/29,http://www.nhc.gov.cn/xcs/yqtb/202008/ac1c7ff6089147549c87ba9497caa2dd.shtml
2020/8/28,http://www.nhc.gov.cn/xcs/yqtb/202008/df53830dfd144de59f538dc14575e554.shtml
2020/8/27,http://www.nhc.gov.cn/xcs/yqtb/202008/99403e08d5354bb89012a7f541c8e0ab.shtml
2020/8/26,http://www.nhc.gov.cn/xcs/yqtb/202008/cd68784852cc4365bf741058bdff009b.shtml
2020/8/25,http://www.nhc.gov.cn/xcs/yqtb/202008/34a1d6028a3449d0b2c2679c5d8e3b1b.shtml
2020/8/24,http://www.nhc.gov.cn/xcs/yqtb/202008/ac1fb9f4a3a94e91ae86aaec7a6b44d6.shtml
2020/8/23,http://www.nhc.gov.cn/xcs/yqtb/202008/ae2bca58dd6548f38ec9d71ac802ed99.shtml
2020/8/22,http://www.nhc.gov.cn/xcs/yqtb/202008/d3ac3a68c25249adb5df9f0cb58820f3.shtml
2020/8/21,http://www.nhc.gov.cn/xcs/yqtb/202008/989bde38142e4eaa9dde564679dcc382.shtml
2020/8/20,http://www.nhc.gov.cn/xcs/yqtb/202008/3eb425a6458e4275920863d6a27d3ebb.shtml
2020/8/19,http://www.nhc.gov.cn/xcs/yqtb/202008/03840491158d4520a548ab4e0c528f44.shtml
2020/8/18,http://www.nhc.gov.cn/xcs/yqtb/202008/d36236e567484a5f8676acd7c07e39bd.shtml
2020/8/17,http://www.nhc.gov.cn/xcs/yqtb/202008/a0cac3edba5348d4ad8895de524436c4.shtml
2020/8/16,http://www.nhc.gov.cn/xcs/yqtb/202008/be2083249fba41babf3120710bbd089e.shtml
2020/8/15,http://www.nhc.gov.cn/xcs/yqtb/202008/8cb17606abf5459ca3bb31bfef090fcf.shtml
2020/8/14,http://www.nhc.gov.cn/xcs/yqtb/202008/24faef5f4c154984ab9234363e93a368.shtml
2020/8/13,http://www.nhc.gov.cn/xcs/yqtb/202008/d19994d2ff6b4ae1a781eb120380d28b.shtml
2020/8/12,http://www.nhc.gov.cn/xcs/yqtb/202008/18213d770a94434c92248d28b91c6119.shtml
2020/8/11,http://www.nhc.gov.cn/xcs/yqtb/202008/3a93674f155b420d856dcb4f760e056f.shtml
2020/8/10,http://www.nhc.gov.cn/xcs/yqtb/202008/61518601695d4520b25faa18a574e519.shtml
2020/8/9,http://www.nhc.gov.cn/xcs/yqtb/202008/cd61909dc8f649bea48b426debb72a17.shtml
2020/8/8,http://www.nhc.gov.cn/xcs/yqtb/202008/b828f26dcd2143398375b1288ee05b80.shtml
2020/8/7,http://www.nhc.gov.cn/xcs/yqtb/202008/cc4c27a565c04fcbb8f4d2c042514862.shtml
2020/8/6,http://www.nhc.gov.cn/xcs/yqtb/202008/feebbdf793f844e9ab34948aaa7e930a.shtml
2020/8/5,http://www.nhc.gov.cn/xcs/yqtb/202008/d271fbf9ed11450891191a55b214be43.shtml
2020/8/4,http://www.nhc.gov.cn/xcs/yqtb/202008/be103a4ba8c242c49c0b4d0b0eb68a87.shtml
2020/8/3,http://www.nhc.gov.cn/xcs/yqtb/202008/b39f04d37c17481cbd1d4aa370d763f2.shtml
2020/8/2,http://www.nhc.gov.cn/xcs/yqtb/202008/9b9105cb658b482e8ed5bb5e27119024.shtml
2020/8/1,http://www.nhc.gov.cn/xcs/yqtb/202008/96184996b6724df787ea9380dfdc88bf.shtml
2020/7/31,http://www.nhc.gov.cn/xcs/yqtb/202007/f81f2c2e757240a88bbc0a265f4249de.shtml
2020/7/30,http://www.nhc.gov.cn/xcs/yqtb/202007/8fb72a6ef0464a448a9125cc7a24c5d3.shtml
2020/7/29,http://www.nhc.gov.cn/xcs/yqtb/202007/367ebba964864a768d4239f13774e1e4.shtml
2020/7/28,http://www.nhc.gov.cn/xcs/yqtb/202007/b9807dbfe58c4c718f072594df0f7998.shtml
2020/7/27,http://www.nhc.gov.cn/xcs/yqtb/202007/1a4cbeff73074c23b6b68720255a63c2.shtml
2020/7/26,http://www.nhc.gov.cn/xcs/yqtb/202007/cf5a1084ea124dd59c2e3991662e71a5.shtml
2020/7/25,http://www.nhc.gov.cn/xcs/yqtb/202007/b2243ee117b649e7b6912e274496affc.shtml
2020/7/24,http://www.nhc.gov.cn/xcs/yqtb/202007/bb4ca9bc54ca4ed9aaa73204d2c860e6.shtml
2020/7/23,http://www.nhc.gov.cn/xcs/yqtb/202007/2a91a4a897b84b75bc8c537adcc2e704.shtml
2020/7/22,http://www.nhc.gov.cn/xcs/yqtb/202007/13f951072dfa4c3a8ebf396e308847d7.shtml
2020/7/21,http://www.nhc.gov.cn/xcs/yqtb/202007/07cf9d4f1aac4f288b8c7b79fd1e72e1.shtml
2020/7/20,http://www.nhc.gov.cn/xcs/yqtb/202007/58ef8d0d603f4cdfab58438445f9b49f.shtml
2020/7/19,http://www.nhc.gov.cn/xcs/yqtb/202007/20f925f35fce47dab5e380faf7115e46.shtml
2020/7/18,http://www.nhc.gov.cn/xcs/yqtb/202007/304be355e30f4d25bd3b676723ee257c.shtml
2020/7/17,http://www.nhc.gov.cn/xcs/yqtb/202007/376d479871e04f19b8e9a444baa9a677.shtml
2020/7/16,http://www.nhc.gov.cn/xcs/yqtb/202007/67019c1a00954aadb7096b3f4fcee67d.shtml
2020/7/15,http://www.nhc.gov.cn/xcs/yqtb/202007/05c60da379bf43cd9162d90bc01c50dc.shtml
2020/7/14,http://www.nhc.gov.cn/xcs/yqtb/202007/8618a0cea9934f6ab59af2320103a78c.shtml
2020/7/13,http://www.nhc.gov.cn/xcs/yqtb/202007/5f616da1e62041e0a2d671ecb0f5574e.shtml
2020/7/12,http://www.nhc.gov.cn/xcs/yqtb/202007/93c41cbce0664608b8119e7d295b4a5b.shtml
2020/7/11,http://www.nhc.gov.cn/xcs/yqtb/202007/567f0b5e8f5d4cb3b70cc9cb3514d147.shtml
2020/7/10,http://www.nhc.gov.cn/xcs/yqtb/202007/ccf5bfcf33cd4c408d64321e9be69b5b.shtml
2020/7/9,http://www.nhc.gov.cn/xcs/yqtb/202007/f4c12e714a90498fa67bc485cb333b76.shtml
2020/7/8,http://www.nhc.gov.cn/xcs/yqtb/202007/5ef5e925beff4c1fa5c833edca25cc64.shtml
2020/7/7,http://www.nhc.gov.cn/xcs/yqtb/202007/06c6ac2dce8542b68210a086ec872548.shtml
2020/7/6,http://www.nhc.gov.cn/xcs/yqtb/202007/50644bdd6b184ecca4d0756ab287ca82.shtml
2020/7/5,http://www.nhc.gov.cn/xcs/yqtb/202007/bbfecf7f86724c4f902a5cca6fb0387e.shtml
2020/7/4,http://www.nhc.gov.cn/xcs/yqtb/202007/8f76a26625044e5391bbd9e8c711b9a7.shtml
2020/7/3,http://www.nhc.gov.cn/xcs/yqtb/202007/25057ab4aeef437291e03aa1552a2e24.shtml
2020/7/2,http://www.nhc.gov.cn/xcs/yqtb/202007/33a62e55ac114fa2b475a20f30a47cd5.shtml
2020/7/1,http://www.nhc.gov.cn/xcs/yqtb/202007/a98e49570be24eaf88de98e6e6217fc8.shtml
2020/6/30,http://www.nhc.gov.cn/xcs/yqtb/202006/91af623d350e4e80b94b60a1d2131732.shtml
2020/6/29,http://www.nhc.gov.cn/xcs/yqtb/202006/4fab649916c14ba188d42e1ca86112d6.shtml
2020/6/28,http://www.nhc.gov.cn/xcs/yqtb/202006/f602eedc6079403182c6c271d0b25495.shtml
2020/6/27,http://www.nhc.gov.cn/xcs/yqtb/202006/6521c509bafa4ac7a15ddebd98cd8559.shtml
2020/6/26,http://www.nhc.gov.cn/xcs/yqtb/202006/af2f9873b4df4ccfa2146b0000428111.shtml
2020/6/25,http://www.nhc.gov.cn/xcs/yqtb/202006/613956ec16c048c990a18c0349f350e1.shtml
2020/6/24,http://www.nhc.gov.cn/xcs/yqtb/202006/bbd1e4755cc347179995feefbfaec6ab.shtml
2020/6/23,http://www.nhc.gov.cn/xcs/yqtb/202006/e0b5eecb9c864d27bd28db014606a7d1.shtml
2020/6/22,http://www.nhc.gov.cn/xcs/yqtb/202006/e7331889464f4fa080efa06631a4c0a5.shtml
2020/6/21,http://www.nhc.gov.cn/xcs/yqtb/202006/a3072c563b924c2da6d8f2c11d702a90.shtml
2020/6/20,http://www.nhc.gov.cn/xcs/yqtb/202006/9257b2b94a894d4eafd007d05c51be28.shtml
2020/6/19,http://www.nhc.gov.cn/xcs/yqtb/202006/b14240fc5f8045b9a91429d053aa65fc.shtml
2020/6/18,http://www.nhc.gov.cn/xcs/yqtb/202006/29f3fa3dd06c42eab6e089f270860900.shtml
2020/6/17,http://www.nhc.gov.cn/xcs/yqtb/202006/94c213dd7ad148188fa91b8a6989b8f8.shtml
2020/6/16,http://www.nhc.gov.cn/xcs/yqtb/202006/9579b16df7654ce6bee3b446d071d79a.shtml
2020/6/15,http://www.nhc.gov.cn/xcs/yqtb/202006/cbbf99e3237645bc87c0dd3b8e99f01b.shtml
2020/6/14,http://www.nhc.gov.cn/xcs/yqtb/202006/b85d2888ac6e4a96b2a0d5e0a6d66f95.shtml
2020/6/13,http://www.nhc.gov.cn/xcs/yqtb/202006/a23eb99eceae4550aae345e02d45730e.shtml
2020/6/12,http://www.nhc.gov.cn/xcs/yqtb/202006/355f8a5695114b73a61f284e7c6cbfed.shtml
2020/6/11,http://www.nhc.gov.cn/xcs/yqtb/202006/d89974801e894128b26f6ecc85481334.shtml
2020/6/10,http://www.nhc.gov.cn/xcs/yqtb/202006/23bc2108e0694230b30e8b187358225f.shtml
2020/6/9,http://www.nhc.gov.cn/xcs/yqtb/202006/640d0ebbd3d14ea5aeafc1cdb1529971.shtml
2020/6/8,http://www.nhc.gov.cn/xcs/yqtb/202006/e2a8661bea30449d8c3d5c3da3545c81.shtml
2020/6/7,http://www.nhc.gov.cn/xcs/yqtb/202006/2b5c06dd89c94d27b0cd17a2c53b8169.shtml
2020/6/6,http://www.nhc.gov.cn/xcs/yqtb/202006/b192f9a6fc8047f48e28e3af35dde65c.shtml
2020/6/5,http://www.nhc.gov.cn/xcs/yqtb/202006/e743bcc808c34794a821f403f8f0060c.shtml
2020/6/4,http://www.nhc.gov.cn/xcs/yqtb/202006/0dc98090cd1e4c7388b77432fa1db9dc.shtml
2020/6/3,http://www.nhc.gov.cn/xcs/yqtb/202006/2b49053eb2bd43b199865fe254a02fdc.shtml
2020/6/2,http://www.nhc.gov.cn/xcs/yqtb/202006/3a406ae5bc0c448bbafcc762df8b8969.shtml
2020/6/1,http://www.nhc.gov.cn/xcs/yqtb/202006/d5af6cfeb9814e03ad34b76b0fc41842.shtml
2020/5/31,http://www.nhc.gov.cn/xcs/yqtb/202005/230cf04dc30149709ddf4114f81688bf.shtml
2020/5/30,http://www.nhc.gov.cn/xcs/yqtb/202005/2bddccafb6c2410c9f724827b1515467.shtml
2020/5/29,http://www.nhc.gov.cn/xcs/yqtb/202005/874765e641254eb4acea9d5e945f4e01.shtml
2020/5/28,http://www.nhc.gov.cn/xcs/yqtb/202005/59f0545ad27249c78d25ecee508369d4.shtml
2020/5/27,http://www.nhc.gov.cn/xcs/yqtb/202005/afcbce9860f441b2b3e6f83a143ae634.shtml
2020/5/26,http://www.nhc.gov.cn/xcs/yqtb/202005/02e547cdbb654065bf523b61e03f3ddb.shtml
2020/5/25,http://www.nhc.gov.cn/xcs/yqtb/202005/6dfa144edbb743b6898ff5f6a6206b3a.shtml
2020/5/24,http://www.nhc.gov.cn/xcs/yqtb/202005/4b53986676de4619b71ddf160c2cd291.shtml
2020/5/23,http://www.nhc.gov.cn/xcs/yqtb/202005/826acb56cf384ba29628f404e53de71e.shtml
2020/5/22,http://www.nhc.gov.cn/xcs/yqtb/202005/e5f10ca81a9540d08043b73801d8d2c8.shtml
2020/5/21,http://www.nhc.gov.cn/xcs/yqtb/202005/7be4e0b23c9441dcb9d0f6e6c0b1f4ae.shtml
2020/5/20,http://www.nhc.gov.cn/xcs/yqtb/202005/5fc2df7537454233924ebbb782724a91.shtml
2020/5/19,http://www.nhc.gov.cn/xcs/yqtb/202005/7a15de623e794e8180397e8f6e74af4b.shtml
2020/5/18,http://www.nhc.gov.cn/xcs/yqtb/202005/5158889cc691480aa687fc6e42bffe5f.shtml
2020/5/17,http://www.nhc.gov.cn/xcs/yqtb/202005/738bb0aad4854450a0b07423ff9664ed.shtml
2020/5/16,http://www.nhc.gov.cn/xcs/yqtb/202005/51357664779b4523860c1b33560c5692.shtml
2020/5/15,http://www.nhc.gov.cn/xcs/yqtb/202005/d2059dd74f8e4e469c1ad3fb6cf0e3af.shtml
2020/5/14,http://www.nhc.gov.cn/xcs/yqtb/202005/a24b8e488bf2445093a5ec97d3386e82.shtml
2020/5/13,http://www.nhc.gov.cn/xcs/yqtb/202005/459adbf3e4384c9fa62d26679f109667.shtml
2020/5/12,http://www.nhc.gov.cn/xcs/yqtb/202005/e6a7ad0d28294497be078c9fd588ea76.shtml
2020/5/11,http://www.nhc.gov.cn/xcs/yqtb/202005/f8d5621b55b7434ba452dcaf9fa1aae7.shtml
2020/5/10,http://www.nhc.gov.cn/xcs/yqtb/202005/8119970a53304c90bc82a5fe995fe1ba.shtml
2020/5/9,http://www.nhc.gov.cn/xcs/yqtb/202005/2e48fde64f4a4f52b71724050222fbfb.shtml
2020/5/8,http://www.nhc.gov.cn/xcs/yqtb/202005/907b43860c1743d99dd24b418422a023.shtml
2020/5/7,http://www.nhc.gov.cn/xcs/yqtb/202005/2a736b2d7844439ba82cd7741a3ac8a4.shtml
2020/5/6,http://www.nhc.gov.cn/xcs/yqtb/202005/8dad5d44ced34a45ae86b3acf0bbef3c.shtml
2020/5/5,http://www.nhc.gov.cn/xcs/yqtb/202005/9f8375d7ac9b4eda83515fcd5fd4adf4.shtml
2020/5/4,http://www.nhc.gov.cn/xcs/yqtb/202005/4e14e851ed9e4f7581ca54f629da96a7.shtml
2020/5/3,http://www.nhc.gov.cn/xcs/yqtb/202005/aba9ba870fed480fbc01c7d7b35eb3a7.shtml
2020/5/2,http://www.nhc.gov.cn/xcs/yqtb/202005/3e2bc587447f458c809f10897bb4327e.shtml
2020/5/1,http://www.nhc.gov.cn/xcs/yqtb/202005/11f6b5e28be64f28b5b84eed2984ed60.shtml
2020/4/30,http://www.nhc.gov.cn/xcs/yqtb/202004/ce78f5575e0d4ef0b4543eb072acebc3.shtml
2020/4/29,http://www.nhc.gov.cn/xcs/yqtb/202004/935b1804bd0d4853b898b8606279a045.shtml
2020/4/28,http://www.nhc.gov.cn/xcs/yqtb/202004/90ee8bf3f47e40d28daef56fdd6da158.shtml
2020/4/27,http://www.nhc.gov.cn/xcs/yqtb/202004/ff7a70c762824574a928fa58e91d8744.shtml
2020/4/26,http://www.nhc.gov.cn/xcs/yqtb/202004/1c3077a1a07c430b99d7c1830233ae56.shtml
2020/4/25,http://www.nhc.gov.cn/xcs/yqtb/202004/8ca7171cf72b4920a9b37ff5d47fd607.shtml
2020/4/24,http://www.nhc.gov.cn/xcs/yqtb/202004/c5c446c763184509ad8baae9f748ab74.shtml
2020/4/23,http://www.nhc.gov.cn/xcs/yqtb/202004/ab35f22c371149ad95284b1539f2a8a6.shtml
2020/4/22,http://www.nhc.gov.cn/xcs/yqtb/202004/965362945d96437da80117e53610fb3e.shtml
2020/4/21,http://www.nhc.gov.cn/xcs/yqtb/202004/b504a02486834baf8ed8149701a4175b.shtml
2020/4/20,http://www.nhc.gov.cn/xcs/yqtb/202004/fceb99a885cd436980656f292a1c7282.shtml
2020/4/19,http://www.nhc.gov.cn/xcs/yqtb/202004/2d391a171acc4624a50a1188c8de7361.shtml
2020/4/18,http://www.nhc.gov.cn/xcs/yqtb/202004/5b4216ebda6f4d2a884ef6217f32c8fb.shtml
2020/4/17,http://www.nhc.gov.cn/xcs/yqtb/202004/9d15772389c64d478713e710a756b883.shtml
2020/4/17,http://www.nhc.gov.cn/xcs/yqtb/202004/51706a79b1af4349b99264420f2cee54.shtml
2020/4/17,http://www.nhc.gov.cn/xcs/yqtb/202004/6f8eb06d959f4ab7b56fe03236920be1.shtml
2020/4/17,http://www.nhc.gov.cn/xcs/yqtb/202004/4f5fff8a97fe43238cc7014c11f07165.shtml
2020/4/16,http://www.nhc.gov.cn/xcs/yqtb/202004/9ffacd69bc67476eb83a2776b8d8c70c.shtml
2020/4/15,http://www.nhc.gov.cn/xcs/yqtb/202004/35d096269e2848cdb4d3cb38e4c6bd1b.shtml
2020/4/14,http://www.nhc.gov.cn/xcs/yqtb/202004/82ca3a872c864abc80a538c0ec948f10.shtml
2020/4/13,http://www.nhc.gov.cn/xcs/yqtb/202004/ee6750d722a54876872056e6aafd5822.shtml
2020/4/12,http://www.nhc.gov.cn/xcs/yqtb/202004/9631d3d14b514055ac74b9b4d1367904.shtml
2020/4/11,http://www.nhc.gov.cn/xcs/yqtb/202004/be5fdf84937844bcb88841c2c6bb8145.shtml
2020/4/10,http://www.nhc.gov.cn/xcs/yqtb/202004/6b7e8905b62f4cf89517cb0ebdf24d00.shtml
